{"cameraMode":{"drawMode":0,"name":"Shaded","section":"Shading Mode"},"sceneLighting":false,"audioPlay":false,"sceneViewState":{"showFog":true,"showMaterialUpdate":false,"showSkybox":true,"showFlares":true,"showImageEffects":true,"showParticleSystems":true},"in2DMode":false,"pivot":{"x":0.7415735721588135,"y":2.324517250061035,"z":0.9532079696655273},"rotation":{"x":0.016988113522529603,"y":0.9815542697906494,"z":-0.1589081734418869,"w":0.10493320226669312},"size":16.179044723510743,"orthographic":false}