{"cameraMode":{"drawMode":0,"name":"Shaded","section":"Shading Mode"},"sceneLighting":false,"audioPlay":false,"sceneViewState":{"showFog":true,"showMaterialUpdate":false,"showSkybox":true,"showFlares":true,"showImageEffects":true,"showParticleSystems":true},"in2DMode":false,"pivot":{"x":-21.25863265991211,"y":0.6779650449752808,"z":3.6151201725006105},"rotation":{"x":-0.06211976706981659,"y":0.43284979462623598,"z":-0.029915088787674905,"w":-0.8988255858421326},"size":17.355361938476564,"orthographic":false}