{"cameraMode":{"drawMode":0,"name":"Shaded","section":"Shading Mode"},"sceneLighting":false,"audioPlay":false,"sceneViewState":{"showFog":true,"showMaterialUpdate":false,"showSkybox":true,"showFlares":true,"showImageEffects":true,"showParticleSystems":true},"in2DMode":false,"pivot":{"x":-27.838668823242189,"y":4.527469635009766,"z":12.305961608886719},"rotation":{"x":-0.06211976706981659,"y":0.43284979462623598,"z":-0.029915088787674905,"w":-0.8988255858421326},"size":15.471173286437989,"orthographic":false}