{"cameraMode":{"drawMode":0,"name":"Shaded","section":"Shading Mode"},"sceneLighting":false,"audioPlay":false,"sceneViewState":{"showFog":true,"showMaterialUpdate":false,"showSkybox":true,"showFlares":true,"showImageEffects":true,"showParticleSystems":true},"in2DMode":false,"pivot":{"x":-6.8786468505859379,"y":4.6857147216796879,"z":-2.003021240234375},"rotation":{"x":-0.29976242780685427,"y":0.01858476921916008,"z":-0.005841320380568504,"w":-0.9538149833679199},"size":857.3651733398438,"orthographic":false}