{"cameraMode":{"drawMode":0,"name":"Shaded","section":"Shading Mode"},"sceneLighting":false,"audioPlay":false,"sceneViewState":{"showFog":true,"showMaterialUpdate":false,"showSkybox":true,"showFlares":true,"showImageEffects":true,"showParticleSystems":true},"in2DMode":false,"pivot":{"x":0.7506790161132813,"y":5.987977027893066,"z":-0.21306228637695313},"rotation":{"x":0.016988113522529603,"y":0.9815542697906494,"z":-0.1589081734418869,"w":0.10493320226669312},"size":34.300174713134769,"orthographic":false}