{"cameraMode":{"drawMode":0,"name":"Shaded","section":"Shading Mode"},"sceneLighting":true,"audioPlay":false,"sceneViewState":{"showFog":true,"showMaterialUpdate":false,"showSkybox":true,"showFlares":true,"showImageEffects":true,"showParticleSystems":true},"in2DMode":false,"pivot":{"x":145.7556610107422,"y":-263.5208740234375,"z":16.834686279296876},"rotation":{"x":-0.4284934997558594,"y":-0.43000566959381106,"z":0.24359187483787538,"w":-0.7564069628715515},"size":1100.736572265625,"orthographic":false}