{"cameraMode":{"drawMode":0,"name":"Shaded","section":"Shading Mode"},"sceneLighting":false,"audioPlay":false,"sceneViewState":{"showFog":true,"showMaterialUpdate":false,"showSkybox":true,"showFlares":true,"showImageEffects":true,"showParticleSystems":true},"in2DMode":false,"pivot":{"x":3.199911117553711,"y":3.2379093170166017,"z":-1.9829596281051636},"rotation":{"x":0.06484676152467728,"y":0.8943926692008972,"z":-0.1379217505455017,"w":0.4205167889595032},"size":7.512515068054199,"orthographic":false}