{"cameraMode":{"drawMode":0,"name":"Shaded","section":"Shading Mode"},"sceneLighting":false,"audioPlay":false,"sceneViewState":{"showFog":true,"showMaterialUpdate":false,"showSkybox":true,"showFlares":true,"showImageEffects":true,"showParticleSystems":true},"in2DMode":false,"pivot":{"x":99.08335876464844,"y":4.864105224609375,"z":185.0665283203125},"rotation":{"x":0.06915023177862168,"y":0.9184229969978333,"z":-0.34255802631378176,"w":0.1853954792022705},"size":8.986878395080567,"orthographic":false}