{"cameraMode":{"drawMode":0,"name":"Shaded","section":"Shading Mode"},"sceneLighting":false,"audioPlay":false,"sceneViewState":{"showFog":true,"showMaterialUpdate":false,"showSkybox":true,"showFlares":true,"showImageEffects":true,"showParticleSystems":true},"in2DMode":false,"pivot":{"x":-1.8375635147094727,"y":3.367086887359619,"z":-4.038992404937744},"rotation":{"x":-0.14232218265533448,"y":-0.7227056622505188,"z":0.15630939602851869,"w":-0.6580336689949036},"size":2.3779959678649904,"orthographic":false}