{"cameraMode":{"drawMode":0,"name":"Shaded","section":"Shading Mode"},"sceneLighting":false,"audioPlay":false,"sceneViewState":{"showFog":true,"showMaterialUpdate":false,"showSkybox":true,"showFlares":true,"showImageEffects":true,"showParticleSystems":true},"in2DMode":false,"pivot":{"x":0.3862032890319824,"y":0.5252931118011475,"z":0.8266129493713379},"rotation":{"x":0.24315163493156434,"y":-0.3877984881401062,"z":0.10683035850524903,"w":0.8826534152030945},"size":8.236680030822754,"orthographic":false}