{"cameraMode":{"drawMode":0,"name":"Shaded","section":"Shading Mode"},"sceneLighting":false,"audioPlay":false,"sceneViewState":{"showFog":true,"showMaterialUpdate":false,"showSkybox":true,"showFlares":true,"showImageEffects":true,"showParticleSystems":true},"in2DMode":false,"pivot":{"x":-26.7252140045166,"y":2.6396565437316896,"z":13.172199249267579},"rotation":{"x":0.0985935777425766,"y":0.43396544456481936,"z":-0.04784638062119484,"w":0.8942393660545349},"size":7.655796051025391,"orthographic":false}