{"cameraMode":{"drawMode":0,"name":"Shaded","section":"Shading Mode"},"sceneLighting":false,"audioPlay":false,"sceneViewState":{"showFog":true,"showMaterialUpdate":false,"showSkybox":true,"showFlares":true,"showImageEffects":true,"showParticleSystems":true},"in2DMode":false,"pivot":{"x":-1.4517745971679688,"y":-1.7161970138549805,"z":0.6107978820800781},"rotation":{"x":-0.3684946596622467,"y":0.47566723823547366,"z":-0.22907647490501405,"w":-0.765164315700531},"size":34.375362396240237,"orthographic":false}