{"cameraMode":{"drawMode":0,"name":"Shaded","section":"Shading Mode"},"sceneLighting":false,"audioPlay":false,"sceneViewState":{"showFog":true,"showMaterialUpdate":false,"showSkybox":true,"showFlares":true,"showImageEffects":true,"showParticleSystems":true},"in2DMode":false,"pivot":{"x":2.3370561599731447,"y":1.891615390777588,"z":0.20868873596191407},"rotation":{"x":-0.0867161974310875,"y":-0.32326775789260867,"z":0.029762817546725274,"w":-0.9418559074401856},"size":21.654573440551759,"orthographic":false}