{"cameraMode":{"drawMode":0,"name":"Shaded","section":"Shading Mode"},"sceneLighting":false,"audioPlay":false,"sceneViewState":{"showFog":true,"showMaterialUpdate":false,"showSkybox":true,"showFlares":true,"showImageEffects":true,"showParticleSystems":true},"in2DMode":false,"pivot":{"x":98.93153381347656,"y":4.914398193359375,"z":185.5500030517578},"rotation":{"x":-0.04166661947965622,"y":0.0233804639428854,"z":0.0009751507313922048,"w":0.9988574981689453},"size":8.315244674682618,"orthographic":false}