{"cameraMode":{"drawMode":0,"name":"Shaded","section":"Shading Mode"},"sceneLighting":false,"audioPlay":false,"sceneViewState":{"showFog":true,"showMaterialUpdate":false,"showSkybox":true,"showFlares":true,"showImageEffects":true,"showParticleSystems":true},"in2DMode":false,"pivot":{"x":-1.3199589252471924,"y":3.472533941268921,"z":-0.5587184429168701},"rotation":{"x":-0.007190823554992676,"y":-0.3907342553138733,"z":0.003052437910810113,"w":-0.9204704165458679},"size":0.13395023345947267,"orthographic":false}