{"cameraMode":{"drawMode":0,"name":"Shaded","section":"Shading Mode"},"sceneLighting":false,"audioPlay":false,"sceneViewState":{"showFog":true,"showMaterialUpdate":false,"showSkybox":true,"showFlares":true,"showImageEffects":true,"showParticleSystems":true},"in2DMode":false,"pivot":{"x":0.1690826416015625,"y":-0.1628119945526123,"z":-2.701962471008301},"rotation":{"x":0.023190060630440713,"y":0.9767306447029114,"z":-0.15693283081054688,"w":0.1443319171667099},"size":9.29575252532959,"orthographic":false}