{"cameraMode":{"drawMode":0,"name":"Shaded","section":"Shading Mode"},"sceneLighting":false,"audioPlay":false,"sceneViewState":{"showFog":true,"showMaterialUpdate":false,"showSkybox":true,"showFlares":true,"showImageEffects":true,"showParticleSystems":true},"in2DMode":false,"pivot":{"x":462.9229431152344,"y":288.2746887207031,"z":1.7237548828125},"rotation":{"x":-0.05216506868600845,"y":0.006893529556691647,"z":0.0003599260526243597,"w":0.9986146688461304},"size":1339.8616943359375,"orthographic":false}