{"cameraMode":{"drawMode":0,"name":"Shaded","section":"Shading Mode"},"sceneLighting":false,"audioPlay":false,"sceneViewState":{"showFog":true,"showMaterialUpdate":false,"showSkybox":true,"showFlares":true,"showImageEffects":true,"showParticleSystems":true},"in2DMode":false,"pivot":{"x":1.6204211711883546,"y":2.948211193084717,"z":3.9231185913085939},"rotation":{"x":-0.2597598433494568,"y":0.015937576070427896,"z":-0.004287744872272015,"w":-0.9655322432518005},"size":54.323455810546878,"orthographic":false}