{"cameraMode":{"drawMode":0,"name":"Shaded","section":"Shading Mode"},"sceneLighting":false,"audioPlay":false,"sceneViewState":{"showFog":true,"showMaterialUpdate":false,"showSkybox":true,"showFlares":true,"showImageEffects":true,"showParticleSystems":true},"in2DMode":false,"pivot":{"x":1.5012774467468262,"y":2.3306307792663576,"z":-0.225536048412323},"rotation":{"x":0.25146546959877016,"y":-0.5149725675582886,"z":0.16117003560066224,"w":0.8034878373146057},"size":7.983717441558838,"orthographic":false}