{"cameraMode":{"drawMode":0,"name":"Shaded","section":"Shading Mode"},"sceneLighting":false,"audioPlay":false,"sceneViewState":{"showFog":true,"showMaterialUpdate":false,"showSkybox":true,"showFlares":true,"showImageEffects":true,"showParticleSystems":true},"in2DMode":false,"pivot":{"x":2.890880584716797,"y":-3.156998634338379,"z":16.321178436279298},"rotation":{"x":-0.21937114000320435,"y":-0.09785681962966919,"z":0.02212020941078663,"w":-0.9704695343971252},"size":36.412105560302737,"orthographic":false}