{"cameraMode":{"drawMode":0,"name":"Shaded","section":"Shading Mode"},"sceneLighting":false,"audioPlay":false,"sceneViewState":{"showFog":true,"showMaterialUpdate":false,"showSkybox":true,"showFlares":true,"showImageEffects":true,"showParticleSystems":true},"in2DMode":false,"pivot":{"x":548.1780395507813,"y":323.4457092285156,"z":-4.9517974853515629},"rotation":{"x":0.08104678243398667,"y":0.06514041870832443,"z":-0.005308446008712053,"w":0.9945652484893799},"size":3.423039674758911,"orthographic":false}