{"cameraMode":{"drawMode":0,"name":"Shaded","section":"Shading Mode"},"sceneLighting":false,"audioPlay":false,"sceneViewState":{"showFog":true,"showMaterialUpdate":false,"showSkybox":true,"showFlares":true,"showImageEffects":true,"showParticleSystems":true},"in2DMode":false,"pivot":{"x":-0.6323601603507996,"y":0.5792311429977417,"z":-1.627208948135376},"rotation":{"x":-0.0014552955981343985,"y":-0.9985318183898926,"z":0.04077334702014923,"w":-0.035633400082588199},"size":5.425445079803467,"orthographic":false}