{"cameraMode":{"drawMode":0,"name":"Shaded","section":"Shading Mode"},"sceneLighting":false,"audioPlay":false,"sceneViewState":{"showFog":true,"showMaterialUpdate":false,"showSkybox":true,"showFlares":true,"showImageEffects":true,"showParticleSystems":true},"in2DMode":false,"pivot":{"x":4.116490364074707,"y":-0.48677825927734377,"z":-1.8703422546386719},"rotation":{"x":0.2724454700946808,"y":0.1760028600692749,"z":-0.05076492205262184,"w":0.944573700428009},"size":14.466766357421875,"orthographic":false}