{"cameraMode":{"drawMode":0,"name":"Shaded","section":"Shading Mode"},"sceneLighting":false,"audioPlay":false,"sceneViewState":{"showFog":true,"showMaterialUpdate":false,"showSkybox":true,"showFlares":true,"showImageEffects":true,"showParticleSystems":true},"in2DMode":false,"pivot":{"x":0.755500316619873,"y":2.690894603729248,"z":-0.6782957315444946},"rotation":{"x":0.029073677957057954,"y":0.8432319164276123,"z":-0.04584081470966339,"w":0.5348021388053894},"size":7.542259693145752,"orthographic":false}