{"cameraMode":{"drawMode":0,"name":"Shaded","section":"Shading Mode"},"sceneLighting":false,"audioPlay":false,"sceneViewState":{"showFog":true,"showMaterialUpdate":false,"showSkybox":true,"showFlares":true,"showImageEffects":true,"showParticleSystems":true},"in2DMode":false,"pivot":{"x":4.329165458679199,"y":0.5252652168273926,"z":11.969776153564454},"rotation":{"x":0.0940113365650177,"y":0.11710139364004135,"z":-0.011135672219097615,"w":0.988597571849823},"size":26.626178741455079,"orthographic":false}