{"cameraMode":{"drawMode":0,"name":"Shaded","section":"Shading Mode"},"sceneLighting":false,"audioPlay":false,"sceneViewState":{"showFog":true,"showMaterialUpdate":false,"showSkybox":true,"showFlares":true,"showImageEffects":true,"showParticleSystems":true},"in2DMode":false,"pivot":{"x":-2.322052001953125,"y":6.1273908615112309,"z":-4.9517974853515629},"rotation":{"x":-0.6101519465446472,"y":-0.1422576755285263,"z":0.11254436522722244,"w":-0.7712400555610657},"size":26.055713653564454,"orthographic":false}