{"cameraMode":{"drawMode":0,"name":"Shaded","section":"Shading Mode"},"sceneLighting":false,"audioPlay":false,"sceneViewState":{"showFog":true,"showMaterialUpdate":false,"showSkybox":true,"showFlares":true,"showImageEffects":true,"showParticleSystems":true},"in2DMode":false,"pivot":{"x":-1.7356414794921876,"y":4.329444408416748,"z":-4.552380084991455},"rotation":{"x":-0.1786186248064041,"y":0.7459379434585571,"z":-0.22122663259506226,"w":-0.6022714376449585},"size":8.78782844543457,"orthographic":false}