{"cameraMode":{"drawMode":0,"name":"Shaded","section":"Shading Mode"},"sceneLighting":false,"audioPlay":false,"sceneViewState":{"showFog":true,"showMaterialUpdate":false,"showSkybox":true,"showFlares":true,"showImageEffects":true,"showParticleSystems":true},"in2DMode":false,"pivot":{"x":-2.7960281372070314,"y":3.013749599456787,"z":2.164670467376709},"rotation":{"x":-0.1567484438419342,"y":0.6986472606658936,"z":-0.16123445332050324,"w":-0.6792094111442566},"size":15.355646133422852,"orthographic":false}