{"cameraMode":{"drawMode":0,"name":"Shaded","section":"Shading Mode"},"sceneLighting":false,"audioPlay":false,"sceneViewState":{"showFog":true,"showMaterialUpdate":false,"showSkybox":true,"showFlares":true,"showImageEffects":true,"showParticleSystems":true},"in2DMode":false,"pivot":{"x":-3.6669297218322756,"y":1.798924446105957,"z":-9.134871482849121},"rotation":{"x":0.2383326292037964,"y":-0.7604121565818787,"z":0.4514932632446289,"w":0.4014036953449249},"size":11.669611930847168,"orthographic":false}