{"cameraMode":{"drawMode":0,"name":"Shaded","section":"Shading Mode"},"sceneLighting":false,"audioPlay":false,"sceneViewState":{"showFog":true,"showMaterialUpdate":false,"showSkybox":true,"showFlares":true,"showImageEffects":true,"showParticleSystems":true},"in2DMode":false,"pivot":{"x":4.481294631958008,"y":-3.810213088989258,"z":-7.182088851928711},"rotation":{"x":0.1097257062792778,"y":0.88231360912323,"z":-0.254487544298172,"w":0.3804195523262024},"size":24.30331802368164,"orthographic":false}