{"cameraMode":{"drawMode":0,"name":"Shaded","section":"Shading Mode"},"sceneLighting":false,"audioPlay":false,"sceneViewState":{"showFog":true,"showMaterialUpdate":false,"showSkybox":true,"showFlares":true,"showImageEffects":true,"showParticleSystems":true},"in2DMode":false,"pivot":{"x":-5.10797119140625,"y":2.705389976501465,"z":-0.08825162053108216},"rotation":{"x":0.018281474709510804,"y":-0.7055972814559937,"z":0.01821586862206459,"w":0.7081429958343506},"size":18.313335418701173,"orthographic":false}